{"cameraMode":{"drawMode":0,"name":"Shaded","section":"Shading Mode"},"sceneLighting":false,"audioPlay":false,"sceneViewState":{"showFog":true,"showMaterialUpdate":false,"showSkybox":true,"showFlares":true,"showImageEffects":true,"showParticleSystems":true},"in2DMode":false,"pivot":{"x":331.6133728027344,"y":11.364348411560059,"z":129.5212860107422},"rotation":{"x":0.5526524186134338,"y":-0.09033924341201782,"z":0.06042195484042168,"w":0.826295018196106},"size":1.9706562757492066,"orthographic":false}