{"cameraMode":{"drawMode":0,"name":"Shaded","section":"Shading Mode"},"sceneLighting":true,"audioPlay":false,"sceneViewState":{"showFog":true,"showMaterialUpdate":false,"showSkybox":true,"showFlares":true,"showImageEffects":true,"showParticleSystems":true},"in2DMode":false,"pivot":{"x":279.933837890625,"y":-83.91049194335938,"z":222.27597045898438},"rotation":{"x":0.4055912494659424,"y":-0.31870001554489138,"z":0.15336108207702638,"w":0.8428561687469482},"size":475.5644226074219,"orthographic":false}