{"cameraMode":{"drawMode":0,"name":"Shaded","section":"Shading Mode"},"sceneLighting":false,"audioPlay":false,"sceneViewState":{"showFog":true,"showMaterialUpdate":false,"showSkybox":true,"showFlares":true,"showImageEffects":true,"showParticleSystems":true},"in2DMode":false,"pivot":{"x":-6.182656764984131,"y":0.08614492416381836,"z":-7.825887680053711},"rotation":{"x":0.35483115911483767,"y":-0.6006829142570496,"z":0.3371812403202057,"w":0.6321263313293457},"size":6.477493762969971,"orthographic":false}