{"cameraMode":{"drawMode":0,"name":"Shaded","section":"Shading Mode"},"sceneLighting":false,"audioPlay":false,"sceneViewState":{"showFog":true,"showMaterialUpdate":false,"showSkybox":true,"showFlares":true,"showImageEffects":true,"showParticleSystems":true},"in2DMode":false,"pivot":{"x":-1.9571309089660645,"y":-1.9992456436157227,"z":-8.680343627929688},"rotation":{"x":0.40826019644737246,"y":-0.4331560432910919,"z":0.22965139150619508,"w":0.7700388431549072},"size":16.454774856567384,"orthographic":false}