{"cameraMode":{"drawMode":0,"name":"Shaded","section":"Shading Mode"},"sceneLighting":false,"audioPlay":false,"sceneViewState":{"showFog":true,"showMaterialUpdate":false,"showSkybox":true,"showFlares":true,"showImageEffects":true,"showParticleSystems":true},"in2DMode":false,"pivot":{"x":2.876817226409912,"y":3.45987868309021,"z":-2.327465534210205},"rotation":{"x":0.35483115911483767,"y":-0.6006829142570496,"z":0.3371812403202057,"w":0.6321263313293457},"size":0.7485312819480896,"orthographic":false}