{"cameraMode":{"drawMode":0,"name":"Shaded","section":"Shading Mode"},"sceneLighting":false,"audioPlay":false,"sceneViewState":{"showFog":true,"showMaterialUpdate":false,"showSkybox":true,"showFlares":true,"showImageEffects":true,"showParticleSystems":true},"in2DMode":false,"pivot":{"x":299.4326477050781,"y":15.134613037109375,"z":167.98141479492188},"rotation":{"x":0.5526524186134338,"y":-0.09033924341201782,"z":0.06042195484042168,"w":0.826295018196106},"size":61.685428619384769,"orthographic":false}