{"cameraMode":{"drawMode":0,"name":"Shaded","section":"Shading Mode"},"sceneLighting":false,"audioPlay":false,"sceneViewState":{"showFog":true,"showMaterialUpdate":false,"showSkybox":true,"showFlares":true,"showImageEffects":true,"showParticleSystems":true},"in2DMode":false,"pivot":{"x":331.0600280761719,"y":6.089228630065918,"z":204.84060668945313},"rotation":{"x":-0.3806076645851135,"y":0.34160587191581728,"z":-0.15378378331661225,"w":-0.8454548120498657},"size":6.399235248565674,"orthographic":false}