{"cameraMode":{"drawMode":0,"name":"Shaded","section":"Shading Mode"},"sceneLighting":false,"audioPlay":false,"sceneViewState":{"showFog":true,"showMaterialUpdate":false,"showSkybox":true,"showFlares":true,"showImageEffects":true,"showParticleSystems":true},"in2DMode":false,"pivot":{"x":323.67877197265627,"y":7.273293972015381,"z":211.8875732421875},"rotation":{"x":-0.17012479901313783,"y":0.022169969975948335,"z":0.0038284535985440017,"w":0.9851657152175903},"size":16.60544204711914,"orthographic":false}