{"cameraMode":{"drawMode":0,"name":"Shaded","section":"Shading Mode"},"sceneLighting":false,"audioPlay":false,"sceneViewState":{"showFog":true,"showMaterialUpdate":false,"showSkybox":true,"showFlares":true,"showImageEffects":true,"showParticleSystems":true},"in2DMode":false,"pivot":{"x":323.1903991699219,"y":5.948089599609375,"z":100.4157485961914},"rotation":{"x":-0.29549115896224978,"y":0.01432233676314354,"z":-0.004429885186254978,"w":-0.9552278518676758},"size":17.102657318115236,"orthographic":false}