{"cameraMode":{"drawMode":0,"name":"Shaded","section":"Shading Mode"},"sceneLighting":true,"audioPlay":false,"sceneViewState":{"showFog":true,"showMaterialUpdate":false,"showSkybox":true,"showFlares":true,"showImageEffects":true,"showParticleSystems":true},"in2DMode":false,"pivot":{"x":327.7132568359375,"y":5.917132377624512,"z":114.61909484863281},"rotation":{"x":0.20683380961418153,"y":-0.16724203526973725,"z":0.03590895235538483,"w":0.9633070826530457},"size":32.3557014465332,"orthographic":false}