{"cameraMode":{"drawMode":0,"name":"Shaded","section":"Shading Mode"},"sceneLighting":false,"audioPlay":false,"sceneViewState":{"showFog":true,"showMaterialUpdate":false,"showSkybox":true,"showFlares":true,"showImageEffects":true,"showParticleSystems":true},"in2DMode":false,"pivot":{"x":-6.041289806365967,"y":-0.25341638922691347,"z":-0.9441051483154297},"rotation":{"x":0.35483115911483767,"y":-0.6006829142570496,"z":0.3371812403202057,"w":0.6321263313293457},"size":7.394922256469727,"orthographic":false}