{"cameraMode":{"drawMode":0,"name":"Shaded","section":"Shading Mode"},"sceneLighting":false,"audioPlay":false,"sceneViewState":{"showFog":true,"showMaterialUpdate":false,"showSkybox":true,"showFlares":true,"showImageEffects":true,"showParticleSystems":true},"in2DMode":false,"pivot":{"x":321.72479248046877,"y":5.693893909454346,"z":204.75331115722657},"rotation":{"x":-0.1833294928073883,"y":0.5968233942985535,"z":-0.14245930314064027,"w":-0.7680478692054749},"size":28.50861358642578,"orthographic":false}