{"cameraMode":{"drawMode":0,"name":"Shaded","section":"Shading Mode"},"sceneLighting":false,"audioPlay":false,"sceneViewState":{"showFog":true,"showMaterialUpdate":false,"showSkybox":true,"showFlares":true,"showImageEffects":true,"showParticleSystems":true},"in2DMode":false,"pivot":{"x":331.8582763671875,"y":6.187328338623047,"z":213.71810913085938},"rotation":{"x":-0.10569318383932114,"y":0.5543734431266785,"z":-0.0712427869439125,"w":-0.8224496841430664},"size":20.2291259765625,"orthographic":false}