{"cameraMode":{"drawMode":0,"name":"Shaded","section":"Shading Mode"},"sceneLighting":false,"audioPlay":false,"sceneViewState":{"showFog":true,"showMaterialUpdate":false,"showSkybox":true,"showFlares":true,"showImageEffects":true,"showParticleSystems":true},"in2DMode":false,"pivot":{"x":243.9681396484375,"y":2.916015625,"z":125.587890625},"rotation":{"x":0.17637090384960175,"y":0.11341222375631333,"z":0.02046210877597332,"w":-0.9775542616844177},"size":17.152835845947267,"orthographic":true}