{"cameraMode":{"drawMode":0,"name":"Shaded","section":"Shading Mode"},"sceneLighting":false,"audioPlay":false,"sceneViewState":{"showFog":true,"showMaterialUpdate":false,"showSkybox":true,"showFlares":true,"showImageEffects":true,"showParticleSystems":true},"in2DMode":false,"pivot":{"x":320.05401611328127,"y":6.19719934463501,"z":211.61289978027345},"rotation":{"x":-0.2453811764717102,"y":-0.4684908092021942,"z":0.13725881278514863,"w":-0.8375347852706909},"size":14.009617805480957,"orthographic":false}