{"cameraMode":{"drawMode":0,"name":"Shaded","section":"Shading Mode"},"sceneLighting":false,"audioPlay":false,"sceneViewState":{"showFog":true,"showMaterialUpdate":false,"showSkybox":true,"showFlares":true,"showImageEffects":true,"showParticleSystems":true},"in2DMode":false,"pivot":{"x":242.5676727294922,"y":5.6655120849609379,"z":129.77108764648438},"rotation":{"x":-0.47884857654571535,"y":-0.02106567658483982,"z":0.011494624428451062,"w":-0.8775694370269775},"size":27.18330192565918,"orthographic":true}