{"cameraMode":{"drawMode":0,"name":"Shaded","section":"Shading Mode"},"sceneLighting":false,"audioPlay":false,"sceneViewState":{"showFog":true,"showMaterialUpdate":false,"showSkybox":true,"showFlares":true,"showImageEffects":true,"showParticleSystems":true},"in2DMode":false,"pivot":{"x":331.9974060058594,"y":-4.07005500793457,"z":152.7978057861328},"rotation":{"x":0.24140112102031709,"y":-0.07211820036172867,"z":0.01799352653324604,"w":0.9675746560096741},"size":36.50621795654297,"orthographic":false}