{"cameraMode":{"drawMode":0,"name":"Shaded","section":"Shading Mode"},"sceneLighting":false,"audioPlay":false,"sceneViewState":{"showFog":true,"showMaterialUpdate":false,"showSkybox":true,"showFlares":true,"showImageEffects":true,"showParticleSystems":true},"in2DMode":false,"pivot":{"x":251.2933807373047,"y":5.5127363204956059,"z":139.6197967529297},"rotation":{"x":0.2658815383911133,"y":0.2676590085029602,"z":-0.07710717618465424,"w":0.922886848449707},"size":26.01641845703125,"orthographic":true}