{"cameraMode":{"drawMode":0,"name":"Shaded","section":"Shading Mode"},"sceneLighting":false,"audioPlay":false,"sceneViewState":{"showFog":true,"showMaterialUpdate":false,"showSkybox":true,"showFlares":true,"showImageEffects":true,"showParticleSystems":true},"in2DMode":false,"pivot":{"x":229.3101348876953,"y":0.4826589822769165,"z":100.30274963378906},"rotation":{"x":-0.3806076645851135,"y":0.34160587191581728,"z":-0.15378378331661225,"w":-0.8454548120498657},"size":3.1236371994018556,"orthographic":false}