{"cameraMode":{"drawMode":0,"name":"Shaded","section":"Shading Mode"},"sceneLighting":true,"audioPlay":false,"sceneViewState":{"showFog":true,"showMaterialUpdate":false,"showSkybox":true,"showFlares":true,"showImageEffects":true,"showParticleSystems":true},"in2DMode":false,"pivot":{"x":323.5494689941406,"y":16.76245880126953,"z":225.00469970703126},"rotation":{"x":-0.38977763056755068,"y":0.18717838823795319,"z":-0.08124259114265442,"w":-0.8980185985565186},"size":200.44082641601563,"orthographic":false}