{"cameraMode":{"drawMode":0,"name":"Shaded","section":"Shading Mode"},"sceneLighting":false,"audioPlay":false,"sceneViewState":{"showFog":true,"showMaterialUpdate":false,"showSkybox":true,"showFlares":true,"showImageEffects":true,"showParticleSystems":true},"in2DMode":false,"pivot":{"x":321.242431640625,"y":13.31463623046875,"z":93.27275085449219},"rotation":{"x":-0.4267997145652771,"y":-0.01357084047049284,"z":0.0064062089659273628,"w":-0.9042217135429382},"size":16.05018424987793,"orthographic":false}