{"cameraMode":{"drawMode":0,"name":"Shaded","section":"Shading Mode"},"sceneLighting":false,"audioPlay":false,"sceneViewState":{"showFog":true,"showMaterialUpdate":false,"showSkybox":true,"showFlares":true,"showImageEffects":true,"showParticleSystems":true},"in2DMode":false,"pivot":{"x":324.99456787109377,"y":11.988739013671875,"z":93.89015197753906},"rotation":{"x":-0.21684740483760835,"y":-0.2018517106771469,"z":0.04588184133172035,"w":-0.9540063142776489},"size":14.355325698852539,"orthographic":false}