{"cameraMode":{"drawMode":0,"name":"Shaded","section":"Shading Mode"},"sceneLighting":false,"audioPlay":false,"sceneViewState":{"showFog":true,"showMaterialUpdate":false,"showSkybox":true,"showFlares":true,"showImageEffects":true,"showParticleSystems":true},"in2DMode":false,"pivot":{"x":341.39501953125,"y":2.8523218631744386,"z":209.79795837402345},"rotation":{"x":-0.10569318383932114,"y":0.5543734431266785,"z":-0.0712427869439125,"w":-0.8224496841430664},"size":16.30508041381836,"orthographic":false}