{"cameraMode":{"drawMode":0,"name":"Shaded","section":"Shading Mode"},"sceneLighting":false,"audioPlay":false,"sceneViewState":{"showFog":true,"showMaterialUpdate":false,"showSkybox":true,"showFlares":true,"showImageEffects":true,"showParticleSystems":true},"in2DMode":false,"pivot":{"x":214.98104858398438,"y":2.4390764236450197,"z":98.09166717529297},"rotation":{"x":-0.3806076645851135,"y":0.34160587191581728,"z":-0.15378378331661225,"w":-0.8454548120498657},"size":18.523548126220704,"orthographic":false}