{"cameraMode":{"drawMode":0,"name":"Shaded","section":"Shading Mode"},"sceneLighting":false,"audioPlay":false,"sceneViewState":{"showFog":true,"showMaterialUpdate":false,"showSkybox":true,"showFlares":true,"showImageEffects":true,"showParticleSystems":true},"in2DMode":false,"pivot":{"x":-0.06277132034301758,"y":7.437084197998047,"z":-0.15940189361572267},"rotation":{"x":0.35483115911483767,"y":-0.6006829142570496,"z":0.3371812403202057,"w":0.6321263313293457},"size":36.175750732421878,"orthographic":false}