{"cameraMode":{"drawMode":0,"name":"Shaded","section":"Shading Mode"},"sceneLighting":false,"audioPlay":false,"sceneViewState":{"showFog":true,"showMaterialUpdate":false,"showSkybox":true,"showFlares":true,"showImageEffects":true,"showParticleSystems":true},"in2DMode":false,"pivot":{"x":315.7890625,"y":12.941519737243653,"z":117.18173217773438},"rotation":{"x":0.0521981455385685,"y":0.10167454183101654,"z":0.005342980846762657,"w":-0.9934329986572266},"size":29.031782150268556,"orthographic":false}