{"cameraMode":{"drawMode":0,"name":"Shaded","section":"Shading Mode"},"sceneLighting":true,"audioPlay":false,"sceneViewState":{"showFog":true,"showMaterialUpdate":false,"showSkybox":true,"showFlares":true,"showImageEffects":true,"showParticleSystems":true},"in2DMode":false,"pivot":{"x":258.228759765625,"y":118.59765625,"z":40.92578125},"rotation":{"x":-0.45102038979530337,"y":-0.01740843430161476,"z":0.008799908682703972,"w":-0.8923004865646362},"size":37.59136199951172,"orthographic":true}