{"cameraMode":{"drawMode":0,"name":"Shaded","section":"Shading Mode"},"sceneLighting":false,"audioPlay":false,"sceneViewState":{"showFog":true,"showMaterialUpdate":false,"showSkybox":true,"showFlares":true,"showImageEffects":true,"showParticleSystems":true},"in2DMode":false,"pivot":{"x":324.3812255859375,"y":9.171271324157715,"z":108.58757781982422},"rotation":{"x":0.08837784081697464,"y":0.0074631208553910259,"z":0.000662808888591826,"w":-0.9960588812828064},"size":5.836939811706543,"orthographic":true}