{"cameraMode":{"drawMode":0,"name":"Shaded","section":"Shading Mode"},"sceneLighting":false,"audioPlay":false,"sceneViewState":{"showFog":true,"showMaterialUpdate":false,"showSkybox":true,"showFlares":true,"showImageEffects":true,"showParticleSystems":true},"in2DMode":false,"pivot":{"x":338.41717529296877,"y":2.4822983741760256,"z":208.38539123535157},"rotation":{"x":-0.3806076645851135,"y":0.34160587191581728,"z":-0.15378378331661225,"w":-0.8454548120498657},"size":22.39731788635254,"orthographic":false}