{"cameraMode":{"drawMode":0,"name":"Shaded","section":"Shading Mode"},"sceneLighting":true,"audioPlay":false,"sceneViewState":{"showFog":true,"showMaterialUpdate":false,"showSkybox":true,"showFlares":true,"showImageEffects":true,"showParticleSystems":true},"in2DMode":false,"pivot":{"x":336.91015625,"y":7.6627655029296879,"z":202.3168182373047},"rotation":{"x":0.14111700654029847,"y":-0.5171398520469666,"z":0.08690818399190903,"w":0.8397020697593689},"size":2.377004384994507,"orthographic":true}