{"cameraMode":{"drawMode":0,"name":"Shaded","section":"Shading Mode"},"sceneLighting":false,"audioPlay":false,"sceneViewState":{"showFog":true,"showMaterialUpdate":false,"showSkybox":true,"showFlares":true,"showImageEffects":true,"showParticleSystems":true},"in2DMode":false,"pivot":{"x":335.1473693847656,"y":7.533265113830566,"z":208.2744598388672},"rotation":{"x":-0.4204369783401489,"y":-0.1427294760942459,"z":0.0671609565615654,"w":-0.8935046195983887},"size":11.484347343444825,"orthographic":false}