{"cameraMode":{"drawMode":0,"name":"Shaded","section":"Shading Mode"},"sceneLighting":false,"audioPlay":false,"sceneViewState":{"showFog":true,"showMaterialUpdate":false,"showSkybox":true,"showFlares":true,"showImageEffects":true,"showParticleSystems":true},"in2DMode":false,"pivot":{"x":325.8093566894531,"y":5.909845352172852,"z":198.37034606933595},"rotation":{"x":-0.4267997145652771,"y":-0.01357084047049284,"z":0.0064062089659273628,"w":-0.9042217135429382},"size":16.30508041381836,"orthographic":false}