{"cameraMode":{"drawMode":0,"name":"Shaded","section":"Shading Mode"},"sceneLighting":false,"audioPlay":false,"sceneViewState":{"showFog":true,"showMaterialUpdate":false,"showSkybox":true,"showFlares":true,"showImageEffects":true,"showParticleSystems":true},"in2DMode":false,"pivot":{"x":-5.891218185424805,"y":-0.11946099996566773,"z":-4.51337194442749},"rotation":{"x":0.35483115911483767,"y":-0.6006829142570496,"z":0.3371812403202057,"w":0.6321263313293457},"size":6.2608208656311039,"orthographic":false}