{"cameraMode":{"drawMode":0,"name":"Shaded","section":"Shading Mode"},"sceneLighting":false,"audioPlay":false,"sceneViewState":{"showFog":true,"showMaterialUpdate":false,"showSkybox":true,"showFlares":true,"showImageEffects":true,"showParticleSystems":true},"in2DMode":false,"pivot":{"x":300.1051330566406,"y":18.87754249572754,"z":100.96549987792969},"rotation":{"x":-0.15437257289886475,"y":0.36311331391334536,"z":-0.061139799654483798,"w":-0.9168314337730408},"size":32.58369445800781,"orthographic":false}