{"cameraMode":{"drawMode":0,"name":"Shaded","section":"Shading Mode"},"sceneLighting":true,"audioPlay":false,"sceneViewState":{"showFog":true,"showMaterialUpdate":false,"showSkybox":true,"showFlares":true,"showImageEffects":true,"showParticleSystems":true},"in2DMode":false,"pivot":{"x":234.46205139160157,"y":201.70703125,"z":4.158203125},"rotation":{"x":-0.47884857654571535,"y":-0.02106567658483982,"z":0.011494624428451062,"w":-0.8775694370269775},"size":187.01495361328126,"orthographic":true}